{
    "nb": {
        "accuracy": 0.9648622981956315,
        "f1_macro": 0.9551167392812738,
        "per_class_f1": [
            0.9911504424778761,
            0.9762202753441802,
            0.9580686149936467,
            0.8950276243093923
        ]
    },
    "rf": {
        "accuracy": 0.8471035137701804,
        "f1_macro": 0.8716343899643613,
        "per_class_f1": [
            1.0,
            0.830694275274056,
            0.7937743190661478,
            0.8620689655172413
        ]
    },
    "xgb": {
        "accuracy": 0.9629629629629629,
        "f1_macro": 0.9618882903076413,
        "per_class_f1": [
            1.0,
            0.9644670050761421,
            0.9528535980148883,
            0.9302325581395349
        ]
    },
    "sbt": {
        "accuracy": 0.9468186134852802,
        "f1_macro": 0.935502855834627,
        "per_class_f1": [
            0.9709302325581395,
            0.9678217821782178,
            0.9322916666666666,
            0.8709677419354839
        ]
    }
}